{
  "data":[
     {
        "id":1000,
        "name":"James Butt",
        "country":{
           "name":"Algeria",
           "code":"dz"
        },
        "company":"Benton, John B Jr",
        "date":"2015-09-13",
        "status":"unqualified",
        "verified":true,
        "activity":17,
        "representative":{
           "name":"Ioni Bowcher",
           "image":"ionibowcher.png"
        },
        "balance":70663
     },
     {
        "id":1001,
        "name":"Josephine Darakjy",
        "country":{
           "name":"Egypt",
           "code":"eg"
        },
        "company":"Chanay, Jeffrey A Esq",
        "date":"2019-02-09",
        "status":"proposal",
        "verified":true,
        "activity":0,
        "representative":{
           "name":"Amy Elsner",
           "image":"amyelsner.png"
        },
        "balance":82429
     },
     {
        "id":1002,
        "name":"Art Venere",
        "country":{
           "name":"Panama",
           "code":"pa"
        },
        "company":"Chemel, James L Cpa",
        "date":"2017-05-13",
        "status":"qualified",
        "verified":false,
        "activity":63,
        "representative":{
           "name":"Asiya Javayant",
           "image":"asiyajavayant.png"
        },
        "balance":28334
     },
     {
        "id":1003,
        "name":"Lenna Paprocki",
        "country":{
           "name":"Slovenia",
           "code":"si"
        },
        "company":"Feltz Printing Service",
        "date":"2020-09-15",
        "status":"new",
        "verified":false,
        "activity":37,
        "representative":{
           "name":"Xuxue Feng",
           "image":"xuxuefeng.png"
        },
        "balance":88521
     },
     {
        "id":1004,
        "name":"Donette Foller",
        "country":{
           "name":"South Africa",
           "code":"za"
        },
        "company":"Printing Dimensions",
        "date":"2016-05-20",
        "status":"proposal",
        "verified":true,
        "activity":33,
        "representative":{
           "name":"Asiya Javayant",
           "image":"asiyajavayant.png"
        },
        "balance":93905
     },
     {
        "id":1005,
        "name":"Simona Morasca",
        "country":{
           "name":"Egypt",
           "code":"eg"
        },
        "company":"Chapman, Ross E Esq",
        "date":"2018-02-16",
        "status":"qualified",
        "verified":false,
        "activity":68,
        "representative":{
           "name":"Ivan Magalhaes",
           "image":"ivanmagalhaes.png"
        },
        "balance":50041
     },
     {
        "id":1006,
        "name":"Mitsue Tollner",
        "country":{
           "name":"Paraguay",
           "code":"py"
        },
        "company":"Morlong Associates",
        "date":"2018-02-19",
        "status":"renewal",
        "verified":true,
        "activity":54,
        "representative":{
           "name":"Ivan Magalhaes",
           "image":"ivanmagalhaes.png"
        },
        "balance":58706
     },
     {
        "id":1007,
        "name":"Leota Dilliard",
        "country":{
           "name":"Serbia",
           "code":"rs"
        },
        "company":"Commercial Press",
        "date":"2019-08-13",
        "status":"renewal",
        "verified":true,
        "activity":69,
        "representative":{
           "name":"Onyama Limba",
           "image":"onyamalimba.png"
        },
        "balance":26640
     },
     {
        "id":1008,
        "name":"Sage Wieser",
        "country":{
           "name":"Egypt",
           "code":"eg"
        },
        "company":"Truhlar And Truhlar Attys",
        "date":"2018-11-21",
        "status":"unqualified",
        "verified":true,
        "activity":76,
        "representative":{
           "name":"Ivan Magalhaes",
           "image":"ivanmagalhaes.png"
        },
        "balance":65369
     },
     {
        "id":1009,
        "name":"Kris Marrier",
        "country":{
           "name":"Mexico",
           "code":"mx"
        },
        "company":"King, Christopher A Esq",
        "date":"2015-07-07",
        "status":"proposal",
        "verified":false,
        "activity":3,
        "representative":{
           "name":"Onyama Limba",
           "image":"onyamalimba.png"
        },
        "balance":63451
     },
     {
        "id":1010,
        "name":"Minna Amigon",
        "country":{
           "name":"Romania",
           "code":"ro"
        },
        "company":"Dorl, James J Esq",
        "date":"2018-11-07",
        "status":"qualified",
        "verified":false,
        "activity":38,
        "representative":{
           "name":"Anna Fali",
           "image":"annafali.png"
        },
        "balance":71169
     },
     {
        "id":1011,
        "name":"Abel Maclead",
        "country":{
           "name":"Singapore",
           "code":"sg"
        },
        "company":"Rangoni Of Florence",
        "date":"2017-03-11",
        "status":"qualified",
        "verified":true,
        "activity":87,
        "representative":{
           "name":"Bernardo Dominic",
           "image":"bernardodominic.png"
        },
        "balance":96842
     },
     {
        "id":1012,
        "name":"Kiley Caldarera",
        "country":{
           "name":"Serbia",
           "code":"rs"
        },
        "company":"Feiner Bros",
        "date":"2015-10-20",
        "status":"unqualified",
        "verified":false,
        "activity":80,
        "representative":{
           "name":"Onyama Limba",
           "image":"onyamalimba.png"
        },
        "balance":92734
     },
     {
        "id":1013,
        "name":"Graciela Ruta",
        "country":{
           "name":"Chile",
           "code":"cl"
        },
        "company":"Buckley Miller & Wright",
        "date":"2016-07-25",
        "status":"negotiation",
        "verified":false,
        "activity":59,
        "representative":{
           "name":"Amy Elsner",
           "image":"amyelsner.png"
        },
        "balance":45250
     },
     {
        "id":1014,
        "name":"Cammy Albares",
        "country":{
           "name":"Philippines",
           "code":"ph"
        },
        "company":"Rousseaux, Michael Esq",
        "date":"2019-06-25",
        "status":"new",
        "verified":true,
        "activity":90,
        "representative":{
           "name":"Asiya Javayant",
           "image":"asiyajavayant.png"
        },
        "balance":30236
     },
     {
        "id":1015,
        "name":"Mattie Poquette",
        "country":{
           "name":"Venezuela",
           "code":"ve"
        },
        "company":"Century Communications",
        "date":"2017-12-12",
        "status":"negotiation",
        "verified":false,
        "activity":52,
        "representative":{
           "name":"Anna Fali",
           "image":"annafali.png"
        },
        "balance":64533
     },
     {
        "id":1016,
        "name":"Meaghan Garufi",
        "country":{
           "name":"Malaysia",
           "code":"my"
        },
        "company":"Bolton, Wilbur Esq",
        "date":"2018-07-04",
        "status":"unqualified",
        "verified":false,
        "activity":31,
        "representative":{
           "name":"Ivan Magalhaes",
           "image":"ivanmagalhaes.png"
        },
        "balance":37279
     },
     {
        "id":1017,
        "name":"Gladys Rim",
        "country":{
           "name":"Netherlands",
           "code":"nl"
        },
        "company":"T M Byxbee Company Pc",
        "date":"2020-02-27",
        "status":"renewal",
        "verified":true,
        "activity":48,
        "representative":{
           "name":"Stephen Shaw",
           "image":"stephenshaw.png"
        },
        "balance":27381
     },
     {
        "id":1018,
        "name":"Yuki Whobrey",
        "country":{
           "name":"Israel",
           "code":"il"
        },
        "company":"Farmers Insurance Group",
        "date":"2017-12-21",
        "status":"negotiation",
        "verified":true,
        "activity":16,
        "representative":{
           "name":"Bernardo Dominic",
           "image":"bernardodominic.png"
        },
        "balance":9257
     },
     {
        "id":1019,
        "name":"Fletcher Flosi",
        "country":{
           "name":"Argentina",
           "code":"ar"
        },
        "company":"Post Box Services Plus",
        "date":"2016-01-04",
        "status":"renewal",
        "verified":true,
        "activity":19,
        "representative":{
           "name":"Xuxue Feng",
           "image":"xuxuefeng.png"
        },
        "balance":67783
     },
     {
        "id":1020,
        "name":"Bette Nicka",
        "country":{
           "name":"Paraguay",
           "code":"py"
        },
        "company":"Sport En Art",
        "date":"2016-10-21",
        "status":"renewal",
        "verified":false,
        "activity":100,
        "representative":{
           "name":"Onyama Limba",
           "image":"onyamalimba.png"
        },
        "balance":4609
     },
     {
        "id":1021,
        "name":"Veronika Inouye",
        "country":{
           "name":"Ecuador",
           "code":"ec"
        },
        "company":"C 4 Network Inc",
        "date":"2017-03-24",
        "status":"renewal",
        "verified":false,
        "activity":72,
        "representative":{
           "name":"Ioni Bowcher",
           "image":"ionibowcher.png"
        },
        "balance":26565
     },
     {
        "id":1022,
        "name":"Willard Kolmetz",
        "country":{
           "name":"Tunisia",
           "code":"tn"
        },
        "company":"Ingalls, Donald R Esq",
        "date":"2017-04-15",
        "status":"renewal",
        "verified":true,
        "activity":94,
        "representative":{
           "name":"Asiya Javayant",
           "image":"asiyajavayant.png"
        },
        "balance":75876
     },
     {
        "id":1023,
        "name":"Maryann Royster",
        "country":{
           "name":"Belarus",
           "code":"by"
        },
        "company":"Franklin, Peter L Esq",
        "date":"2017-03-11",
        "status":"qualified",
        "verified":false,
        "activity":56,
        "representative":{
           "name":"Elwin Sharvill",
           "image":"elwinsharvill.png"
        },
        "balance":41121
     },
     {
        "id":1024,
        "name":"Alisha Slusarski",
        "country":{
           "name":"Iceland",
           "code":"is"
        },
        "company":"Wtlz Power 107 Fm",
        "date":"2018-03-27",
        "status":"qualified",
        "verified":true,
        "activity":7,
        "representative":{
           "name":"Stephen Shaw",
           "image":"stephenshaw.png"
        },
        "balance":91691
     },
     {
        "id":1025,
        "name":"Allene Iturbide",
        "country":{
           "name":"Italy",
           "code":"it"
        },
        "company":"Ledecky, David Esq",
        "date":"2016-02-20",
        "status":"qualified",
        "verified":true,
        "activity":1,
        "representative":{
           "name":"Ivan Magalhaes",
           "image":"ivanmagalhaes.png"
        },
        "balance":40137
     },
     {
        "id":1026,
        "name":"Chanel Caudy",
        "country":{
           "name":"Argentina",
           "code":"ar"
        },
        "company":"Professional Image Inc",
        "date":"2018-06-24",
        "status":"new",
        "verified":true,
        "activity":26,
        "representative":{
           "name":"Ioni Bowcher",
           "image":"ionibowcher.png"
        },
        "balance":21304
     },
     {
        "id":1027,
        "name":"Ezekiel Chui",
        "country":{
           "name":"Ireland",
           "code":"ie"
        },
        "company":"Sider, Donald C Esq",
        "date":"2016-09-24",
        "status":"new",
        "verified":false,
        "activity":76,
        "representative":{
           "name":"Amy Elsner",
           "image":"amyelsner.png"
        },
        "balance":60454
     },
     {
        "id":1028,
        "name":"Willow Kusko",
        "country":{
           "name":"Romania",
           "code":"ro"
        },
        "company":"U Pull It",
        "date":"2020-04-11",
        "status":"qualified",
        "verified":true,
        "activity":7,
        "representative":{
           "name":"Onyama Limba",
           "image":"onyamalimba.png"
        },
        "balance":17565
     },
     {
        "id":1029,
        "name":"Bernardo Figeroa",
        "country":{
           "name":"Israel",
           "code":"il"
        },
        "company":"Clark, Richard Cpa",
        "date":"2018-04-11",
        "status":"renewal",
        "verified":true,
        "activity":81,
        "representative":{
           "name":"Ioni Bowcher",
           "image":"ionibowcher.png"
        },
        "balance":17774
     },
     {
        "id":1030,
        "name":"Ammie Corrio",
        "country":{
           "name":"Hungary",
           "code":"hu"
        },
        "company":"Moskowitz, Barry S",
        "date":"2016-06-11",
        "status":"negotiation",
        "verified":true,
        "activity":56,
        "representative":{
           "name":"Asiya Javayant",
           "image":"asiyajavayant.png"
        },
        "balance":49201
     },
     {
        "id":1031,
        "name":"Francine Vocelka",
        "country":{
           "name":"Honduras",
           "code":"hn"
        },
        "company":"Cascade Realty Advisors Inc",
        "date":"2017-08-02",
        "status":"qualified",
        "verified":true,
        "activity":94,
        "representative":{
           "name":"Ioni Bowcher",
           "image":"ionibowcher.png"
        },
        "balance":67126
     },
     {
        "id":1032,
        "name":"Ernie Stenseth",
        "country":{
           "name":"Australia",
           "code":"au"
        },
        "company":"Knwz Newsradio",
        "date":"2018-06-06",
        "status":"renewal",
        "verified":true,
        "activity":68,
        "representative":{
           "name":"Xuxue Feng",
           "image":"xuxuefeng.png"
        },
        "balance":76017
     },
     {
        "id":1033,
        "name":"Albina Glick",
        "country":{
           "name":"Ukraine",
           "code":"ua"
        },
        "company":"Giampetro, Anthony D",
        "date":"2019-08-08",
        "status":"proposal",
        "verified":true,
        "activity":85,
        "representative":{
           "name":"Bernardo Dominic",
           "image":"bernardodominic.png"
        },
        "balance":91201
     },
     {
        "id":1034,
        "name":"Alishia Sergi",
        "country":{
           "name":"Qatar",
           "code":"qa"
        },
        "company":"Milford Enterprises Inc",
        "date":"2018-05-19",
        "status":"negotiation",
        "verified":false,
        "activity":46,
        "representative":{
           "name":"Ivan Magalhaes",
           "image":"ivanmagalhaes.png"
        },
        "balance":12237
     },
     {
        "id":1035,
        "name":"Solange Shinko",
        "country":{
           "name":"Cameroon",
           "code":"cm"
        },
        "company":"Mosocco, Ronald A",
        "date":"2015-02-12",
        "status":"qualified",
        "verified":true,
        "activity":32,
        "representative":{
           "name":"Onyama Limba",
           "image":"onyamalimba.png"
        },
        "balance":34072
     },
     {
        "id":1036,
        "name":"Jose Stockham",
        "country":{
           "name":"Italy",
           "code":"it"
        },
        "company":"Tri State Refueler Co",
        "date":"2018-04-25",
        "status":"qualified",
        "verified":true,
        "activity":77,
        "representative":{
           "name":"Amy Elsner",
           "image":"amyelsner.png"
        },
        "balance":94909
     },
     {
        "id":1037,
        "name":"Rozella Ostrosky",
        "country":{
           "name":"Venezuela",
           "code":"ve"
        },
        "company":"Parkway Company",
        "date":"2016-02-27",
        "status":"unqualified",
        "verified":true,
        "activity":66,
        "representative":{
           "name":"Amy Elsner",
           "image":"amyelsner.png"
        },
        "balance":57245
     },
     {
        "id":1038,
        "name":"Valentine Gillian",
        "country":{
           "name":"Paraguay",
           "code":"py"
        },
        "company":"Fbs Business Finance",
        "date":"2019-09-17",
        "status":"qualified",
        "verified":true,
        "activity":25,
        "representative":{
           "name":"Bernardo Dominic",
           "image":"bernardodominic.png"
        },
        "balance":75502
     },
     {
        "id":1039,
        "name":"Kati Rulapaugh",
        "country":{
           "name":"Puerto Rico",
           "code":"pr"
        },
        "company":"Eder Assocs Consltng Engrs Pc",
        "date":"2016-12-03",
        "status":"renewal",
        "verified":false,
        "activity":51,
        "representative":{
           "name":"Ioni Bowcher",
           "image":"ionibowcher.png"
        },
        "balance":82075
     },
     {
        "id":1040,
        "name":"Youlanda Schemmer",
        "country":{
           "name":"Bolivia",
           "code":"bo"
        },
        "company":"Tri M Tool Inc",
        "date":"2017-12-15",
        "status":"negotiation",
        "verified":true,
        "activity":49,
        "representative":{
           "name":"Xuxue Feng",
           "image":"xuxuefeng.png"
        },
        "balance":19208
     },
     {
        "id":1041,
        "name":"Dyan Oldroyd",
        "country":{
           "name":"Argentina",
           "code":"ar"
        },
        "company":"International Eyelets Inc",
        "date":"2017-02-02",
        "status":"qualified",
        "verified":false,
        "activity":5,
        "representative":{
           "name":"Amy Elsner",
           "image":"amyelsner.png"
        },
        "balance":50194
     },
     {
        "id":1042,
        "name":"Roxane Campain",
        "country":{
           "name":"France",
           "code":"fr"
        },
        "company":"Rapid Trading Intl",
        "date":"2018-12-25",
        "status":"unqualified",
        "verified":false,
        "activity":100,
        "representative":{
           "name":"Anna Fali",
           "image":"annafali.png"
        },
        "balance":77714
     },
     {
        "id":1043,
        "name":"Lavera Perin",
        "country":{
           "name":"Vietnam",
           "code":"vn"
        },
        "company":"Abc Enterprises Inc",
        "date":"2018-04-10",
        "status":"qualified",
        "verified":false,
        "activity":71,
        "representative":{
           "name":"Stephen Shaw",
           "image":"stephenshaw.png"
        },
        "balance":35740
     },
     {
        "id":1044,
        "name":"Erick Ferencz",
        "country":{
           "name":"Belgium",
           "code":"be"
        },
        "company":"Cindy Turner Associates",
        "date":"2018-05-06",
        "status":"unqualified",
        "verified":true,
        "activity":54,
        "representative":{
           "name":"Amy Elsner",
           "image":"amyelsner.png"
        },
        "balance":30790
     },
     {
        "id":1045,
        "name":"Fatima Saylors",
        "country":{
           "name":"Canada",
           "code":"ca"
        },
        "company":"Stanton, James D Esq",
        "date":"2019-07-10",
        "status":"renewal",
        "verified":true,
        "activity":93,
        "representative":{
           "name":"Onyama Limba",
           "image":"onyamalimba.png"
        },
        "balance":52343
     },
     {
        "id":1046,
        "name":"Jina Briddick",
        "country":{
           "name":"Mexico",
           "code":"mx"
        },
        "company":"Grace Pastries Inc",
        "date":"2018-02-19",
        "status":"unqualified",
        "verified":false,
        "activity":97,
        "representative":{
           "name":"Xuxue Feng",
           "image":"xuxuefeng.png"
        },
        "balance":53966
     },
     {
        "id":1047,
        "name":"Kanisha Waycott",
        "country":{
           "name":"Ecuador",
           "code":"ec"
        },
        "company":"Schroer, Gene E Esq",
        "date":"2019-11-27",
        "status":"new",
        "verified":false,
        "activity":80,
        "representative":{
           "name":"Xuxue Feng",
           "image":"xuxuefeng.png"
        },
        "balance":9920
     },
     {
        "id":1048,
        "name":"Emerson Bowley",
        "country":{
           "name":"Finland",
           "code":"fi"
        },
        "company":"Knights Inn",
        "date":"2018-11-24",
        "status":"new",
        "verified":false,
        "activity":63,
        "representative":{
           "name":"Stephen Shaw",
           "image":"stephenshaw.png"
        },
        "balance":78069
     },
     {
        "id":1049,
        "name":"Blair Malet",
        "country":{
           "name":"Finland",
           "code":"fi"
        },
        "company":"Bollinger Mach Shp & Shipyard",
        "date":"2018-04-19",
        "status":"new",
        "verified":true,
        "activity":92,
        "representative":{
           "name":"Asiya Javayant",
           "image":"asiyajavayant.png"
        },
        "balance":65005
     },
     {
        "id":1050,
        "name":"Brock Bolognia",
        "country":{
           "name":"Bolivia",
           "code":"bo"
        },
        "company":"Orinda News",
        "date":"2019-09-06",
        "status":"renewal",
        "verified":true,
        "activity":72,
        "representative":{
           "name":"Onyama Limba",
           "image":"onyamalimba.png"
        },
        "balance":51038
     },
     {
        "id":1051,
        "name":"Lorrie Nestle",
        "country":{
           "name":"Germany",
           "code":"de"
        },
        "company":"Ballard Spahr Andrews",
        "date":"2018-04-26",
        "status":"renewal",
        "verified":false,
        "activity":36,
        "representative":{
           "name":"Anna Fali",
           "image":"annafali.png"
        },
        "balance":28218
     },
     {
        "id":1052,
        "name":"Sabra Uyetake",
        "country":{
           "name":"Peru",
           "code":"pe"
        },
        "company":"Lowy Limousine Service",
        "date":"2018-04-12",
        "status":"new",
        "verified":false,
        "activity":31,
        "representative":{
           "name":"Amy Elsner",
           "image":"amyelsner.png"
        },
        "balance":78527
     },
     {
        "id":1053,
        "name":"Marjory Mastella",
        "country":{
           "name":"Netherlands",
           "code":"nl"
        },
        "company":"Vicon Corporation",
        "date":"2018-01-24",
        "status":"negotiation",
        "verified":false,
        "activity":89,
        "representative":{
           "name":"Anna Fali",
           "image":"annafali.png"
        },
        "balance":23381
     },
     {
        "id":1054,
        "name":"Karl Klonowski",
        "country":{
           "name":"Saudi Arabia",
           "code":"sa"
        },
        "company":"Rossi, Michael M",
        "date":"2017-04-17",
        "status":"unqualified",
        "verified":true,
        "activity":27,
        "representative":{
           "name":"Onyama Limba",
           "image":"onyamalimba.png"
        },
        "balance":64821
     },
     {
        "id":1055,
        "name":"Tonette Wenner",
        "country":{
           "name":"Australia",
           "code":"au"
        },
        "company":"Northwest Publishing",
        "date":"2019-04-14",
        "status":"qualified",
        "verified":false,
        "activity":27,
        "representative":{
           "name":"Elwin Sharvill",
           "image":"elwinsharvill.png"
        },
        "balance":55334
     },
     {
        "id":1056,
        "name":"Amber Monarrez",
        "country":{
           "name":"Sweden",
           "code":"se"
        },
        "company":"Branford Wire & Mfg Co",
        "date":"2019-09-09",
        "status":"new",
        "verified":false,
        "activity":79,
        "representative":{
           "name":"Bernardo Dominic",
           "image":"bernardodominic.png"
        },
        "balance":83391
     },
     {
        "id":1057,
        "name":"Shenika Seewald",
        "country":{
           "name":"Australia",
           "code":"au"
        },
        "company":"East Coast Marketing",
        "date":"2017-02-18",
        "status":"renewal",
        "verified":true,
        "activity":39,
        "representative":{
           "name":"Xuxue Feng",
           "image":"xuxuefeng.png"
        },
        "balance":31580
     },
     {
        "id":1058,
        "name":"Delmy Ahle",
        "country":{
           "name":"Belgium",
           "code":"be"
        },
        "company":"Wye Technologies Inc",
        "date":"2020-10-05",
        "status":"unqualified",
        "verified":false,
        "activity":55,
        "representative":{
           "name":"Anna Fali",
           "image":"annafali.png"
        },
        "balance":11723
     },
     {
        "id":1059,
        "name":"Deeanna Juhas",
        "country":{
           "name":"Sweden",
           "code":"se"
        },
        "company":"Healy, George W Iv",
        "date":"2018-09-28",
        "status":"negotiation",
        "verified":false,
        "activity":79,
        "representative":{
           "name":"Asiya Javayant",
           "image":"asiyajavayant.png"
        },
        "balance":8454
     },
     {
        "id":1060,
        "name":"Blondell Pugh",
        "country":{
           "name":"Ireland",
           "code":"ie"
        },
        "company":"Alpenlite Inc",
        "date":"2016-06-16",
        "status":"renewal",
        "verified":false,
        "activity":49,
        "representative":{
           "name":"Bernardo Dominic",
           "image":"bernardodominic.png"
        },
        "balance":99235
     },
     {
        "id":1061,
        "name":"Jamal Vanausdal",
        "country":{
           "name":"Morocco",
           "code":"ma"
        },
        "company":"Hubbard, Bruce Esq",
        "date":"2017-05-25",
        "status":"proposal",
        "verified":true,
        "activity":87,
        "representative":{
           "name":"Ioni Bowcher",
           "image":"ionibowcher.png"
        },
        "balance":15656
     },
     {
        "id":1062,
        "name":"Cecily Hollack",
        "country":{
           "name":"Bolivia",
           "code":"bo"
        },
        "company":"Arthur A Oliver & Son Inc",
        "date":"2020-05-09",
        "status":"negotiation",
        "verified":true,
        "activity":5,
        "representative":{
           "name":"Amy Elsner",
           "image":"amyelsner.png"
        },
        "balance":60586
     },
     {
        "id":1063,
        "name":"Carmelina Lindall",
        "country":{
           "name":"Puerto Rico",
           "code":"pr"
        },
        "company":"George Jessop Carter Jewelers",
        "date":"2019-09-07",
        "status":"qualified",
        "verified":true,
        "activity":77,
        "representative":{
           "name":"Asiya Javayant",
           "image":"asiyajavayant.png"
        },
        "balance":86239
     },
     {
        "id":1064,
        "name":"Maurine Yglesias",
        "country":{
           "name":"Taiwan",
           "code":"tw"
        },
        "company":"Schultz, Thomas C Md",
        "date":"2015-08-10",
        "status":"renewal",
        "verified":false,
        "activity":94,
        "representative":{
           "name":"Ioni Bowcher",
           "image":"ionibowcher.png"
        },
        "balance":15621
     },
     {
        "id":1065,
        "name":"Tawna Buvens",
        "country":{
           "name":"Indonesia",
           "code":"id"
        },
        "company":"H H H Enterprises Inc",
        "date":"2018-03-20",
        "status":"new",
        "verified":false,
        "activity":25,
        "representative":{
           "name":"Amy Elsner",
           "image":"amyelsner.png"
        },
        "balance":77248
     },
     {
        "id":1066,
        "name":"Penney Weight",
        "country":{
           "name":"South Africa",
           "code":"za"
        },
        "company":"Hawaiian King Hotel",
        "date":"2020-03-03",
        "status":"qualified",
        "verified":false,
        "activity":96,
        "representative":{
           "name":"Amy Elsner",
           "image":"amyelsner.png"
        },
        "balance":478
     },
     {
        "id":1067,
        "name":"Elly Morocco",
        "country":{
           "name":"Thailand",
           "code":"th"
        },
        "company":"Killion Industries",
        "date":"2018-09-18",
        "status":"qualified",
        "verified":true,
        "activity":38,
        "representative":{
           "name":"Xuxue Feng",
           "image":"xuxuefeng.png"
        },
        "balance":62505
     },
     {
        "id":1068,
        "name":"Ilene Eroman",
        "country":{
           "name":"Netherlands",
           "code":"nl"
        },
        "company":"Robinson, William J Esq",
        "date":"2019-06-08",
        "status":"new",
        "verified":true,
        "activity":49,
        "representative":{
           "name":"Anna Fali",
           "image":"annafali.png"
        },
        "balance":91480
     },
     {
        "id":1069,
        "name":"Vallie Mondella",
        "country":{
           "name":"Latvia",
           "code":"lv"
        },
        "company":"Private Properties",
        "date":"2018-12-06",
        "status":"new",
        "verified":false,
        "activity":16,
        "representative":{
           "name":"Ivan Magalhaes",
           "image":"ivanmagalhaes.png"
        },
        "balance":21671
     },
     {
        "id":1070,
        "name":"Kallie Blackwood",
        "country":{
           "name":"Iceland",
           "code":"is"
        },
        "company":"Rowley Schlimgen Inc",
        "date":"2017-04-05",
        "status":"unqualified",
        "verified":false,
        "activity":25,
        "representative":{
           "name":"Amy Elsner",
           "image":"amyelsner.png"
        },
        "balance":13775
     },
     {
        "id":1071,
        "name":"Johnetta Abdallah",
        "country":{
           "name":"Netherlands",
           "code":"nl"
        },
        "company":"Forging Specialties",
        "date":"2015-02-02",
        "status":"new",
        "verified":false,
        "activity":16,
        "representative":{
           "name":"Elwin Sharvill",
           "image":"elwinsharvill.png"
        },
        "balance":60253
     },
     {
        "id":1072,
        "name":"Bobbye Rhym",
        "country":{
           "name":"Ukraine",
           "code":"ua"
        },
        "company":"Smits, Patricia Garity",
        "date":"2018-08-17",
        "status":"qualified",
        "verified":true,
        "activity":85,
        "representative":{
           "name":"Xuxue Feng",
           "image":"xuxuefeng.png"
        },
        "balance":75225
     },
     {
        "id":1073,
        "name":"Micaela Rhymes",
        "country":{
           "name":"France",
           "code":"fr"
        },
        "company":"H Lee Leonard Attorney At Law",
        "date":"2018-09-08",
        "status":"renewal",
        "verified":true,
        "activity":92,
        "representative":{
           "name":"Asiya Javayant",
           "image":"asiyajavayant.png"
        },
        "balance":3308
     },
     {
        "id":1074,
        "name":"Tamar Hoogland",
        "country":{
           "name":"Guatemala",
           "code":"gt"
        },
        "company":"A K Construction Co",
        "date":"2018-11-13",
        "status":"proposal",
        "verified":true,
        "activity":22,
        "representative":{
           "name":"Asiya Javayant",
           "image":"asiyajavayant.png"
        },
        "balance":19711
     },
     {
        "id":1075,
        "name":"Moon Parlato",
        "country":{
           "name":"Czech Republic",
           "code":"cz"
        },
        "company":"Ambelang, Jessica M Md",
        "date":"2019-08-18",
        "status":"renewal",
        "verified":false,
        "activity":64,
        "representative":{
           "name":"Onyama Limba",
           "image":"onyamalimba.png"
        },
        "balance":55110
     },
     {
        "id":1076,
        "name":"Laurel Reitler",
        "country":{
           "name":"United Kingdom",
           "code":"gb"
        },
        "company":"Q A Service",
        "date":"2015-04-02",
        "status":"negotiation",
        "verified":false,
        "activity":80,
        "representative":{
           "name":"Amy Elsner",
           "image":"amyelsner.png"
        },
        "balance":62392
     },
     {
        "id":1077,
        "name":"Delisa Crupi",
        "country":{
           "name":"Taiwan",
           "code":"tw"
        },
        "company":"Wood & Whitacre Contractors",
        "date":"2017-09-15",
        "status":"unqualified",
        "verified":false,
        "activity":70,
        "representative":{
           "name":"Xuxue Feng",
           "image":"xuxuefeng.png"
        },
        "balance":76530
     },
     {
        "id":1078,
        "name":"Viva Toelkes",
        "country":{
           "name":"United States",
           "code":"us"
        },
        "company":"Mark Iv Press Ltd",
        "date":"2017-03-27",
        "status":"qualified",
        "verified":false,
        "activity":16,
        "representative":{
           "name":"Stephen Shaw",
           "image":"stephenshaw.png"
        },
        "balance":7460
     },
     {
        "id":1079,
        "name":"Elza Lipke",
        "country":{
           "name":"Ireland",
           "code":"ie"
        },
        "company":"Museum Of Science & Industry",
        "date":"2017-06-01",
        "status":"proposal",
        "verified":true,
        "activity":90,
        "representative":{
           "name":"Elwin Sharvill",
           "image":"elwinsharvill.png"
        },
        "balance":42251
     },
     {
        "id":1080,
        "name":"Devorah Chickering",
        "country":{
           "name":"Spain",
           "code":"es"
        },
        "company":"Garrison Ind",
        "date":"2017-03-14",
        "status":"proposal",
        "verified":true,
        "activity":96,
        "representative":{
           "name":"Asiya Javayant",
           "image":"asiyajavayant.png"
        },
        "balance":36435
     },
     {
        "id":1081,
        "name":"Timothy Mulqueen",
        "country":{
           "name":"Netherlands",
           "code":"nl"
        },
        "company":"Saronix Nymph Products",
        "date":"2018-07-09",
        "status":"renewal",
        "verified":true,
        "activity":77,
        "representative":{
           "name":"Asiya Javayant",
           "image":"asiyajavayant.png"
        },
        "balance":39197
     },
     {
        "id":1082,
        "name":"Arlette Honeywell",
        "country":{
           "name":"Panama",
           "code":"pa"
        },
        "company":"Smc Inc",
        "date":"2018-09-11",
        "status":"proposal",
        "verified":true,
        "activity":46,
        "representative":{
           "name":"Amy Elsner",
           "image":"amyelsner.png"
        },
        "balance":72707
     },
     {
        "id":1083,
        "name":"Dominque Dickerson",
        "country":{
           "name":"Argentina",
           "code":"ar"
        },
        "company":"E A I Electronic Assocs Inc",
        "date":"2017-11-12",
        "status":"qualified",
        "verified":true,
        "activity":83,
        "representative":{
           "name":"Bernardo Dominic",
           "image":"bernardodominic.png"
        },
        "balance":97965
     },
     {
        "id":1084,
        "name":"Lettie Isenhower",
        "country":{
           "name":"Canada",
           "code":"ca"
        },
        "company":"Conte, Christopher A Esq",
        "date":"2016-03-01",
        "status":"qualified",
        "verified":true,
        "activity":83,
        "representative":{
           "name":"Bernardo Dominic",
           "image":"bernardodominic.png"
        },
        "balance":5823
     },
     {
        "id":1085,
        "name":"Myra Munns",
        "country":{
           "name":"Lithuania",
           "code":"lt"
        },
        "company":"Anker Law Office",
        "date":"2016-05-21",
        "status":"unqualified",
        "verified":true,
        "activity":49,
        "representative":{
           "name":"Elwin Sharvill",
           "image":"elwinsharvill.png"
        },
        "balance":96471
     },
     {
        "id":1086,
        "name":"Stephaine Barfield",
        "country":{
           "name":"Belgium",
           "code":"be"
        },
        "company":"Beutelschies & Company",
        "date":"2016-01-22",
        "status":"new",
        "verified":true,
        "activity":34,
        "representative":{
           "name":"Anna Fali",
           "image":"annafali.png"
        },
        "balance":33710
     },
     {
        "id":1087,
        "name":"Lai Gato",
        "country":{
           "name":"Nigeria",
           "code":"ng"
        },
        "company":"Fligg, Kenneth I Jr",
        "date":"2016-07-26",
        "status":"unqualified",
        "verified":false,
        "activity":64,
        "representative":{
           "name":"Onyama Limba",
           "image":"onyamalimba.png"
        },
        "balance":30611
     },
     {
        "id":1088,
        "name":"Stephen Emigh",
        "country":{
           "name":"Cuba",
           "code":"cu"
        },
        "company":"Sharp, J Daniel Esq",
        "date":"2020-07-24",
        "status":"renewal",
        "verified":false,
        "activity":51,
        "representative":{
           "name":"Elwin Sharvill",
           "image":"elwinsharvill.png"
        },
        "balance":32960
     },
     {
        "id":1089,
        "name":"Tyra Shields",
        "country":{
           "name":"Honduras",
           "code":"hn"
        },
        "company":"Assink, Anne H Esq",
        "date":"2019-11-10",
        "status":"negotiation",
        "verified":false,
        "activity":11,
        "representative":{
           "name":"Anna Fali",
           "image":"annafali.png"
        },
        "balance":57423
     },
     {
        "id":1090,
        "name":"Tammara Wardrip",
        "country":{
           "name":"Saudi Arabia",
           "code":"sa"
        },
        "company":"Jewel My Shop Inc",
        "date":"2016-06-05",
        "status":"renewal",
        "verified":true,
        "activity":64,
        "representative":{
           "name":"Xuxue Feng",
           "image":"xuxuefeng.png"
        },
        "balance":23027
     },
     {
        "id":1091,
        "name":"Cory Gibes",
        "country":{
           "name":"Malaysia",
           "code":"my"
        },
        "company":"Chinese Translation Resources",
        "date":"2016-02-28",
        "status":"new",
        "verified":false,
        "activity":44,
        "representative":{
           "name":"Anna Fali",
           "image":"annafali.png"
        },
        "balance":84182
     },
     {
        "id":1092,
        "name":"Danica Bruschke",
        "country":{
           "name":"Taiwan",
           "code":"tw"
        },
        "company":"Stevens, Charles T",
        "date":"2018-12-13",
        "status":"unqualified",
        "verified":true,
        "activity":62,
        "representative":{
           "name":"Stephen Shaw",
           "image":"stephenshaw.png"
        },
        "balance":25237
     },
     {
        "id":1093,
        "name":"Wilda Giguere",
        "country":{
           "name":"Iceland",
           "code":"is"
        },
        "company":"Mclaughlin, Luther W Cpa",
        "date":"2017-06-16",
        "status":"new",
        "verified":true,
        "activity":79,
        "representative":{
           "name":"Asiya Javayant",
           "image":"asiyajavayant.png"
        },
        "balance":87736
     },
     {
        "id":1094,
        "name":"Elvera Benimadho",
        "country":{
           "name":"Malaysia",
           "code":"my"
        },
        "company":"Tree Musketeers",
        "date":"2019-02-17",
        "status":"proposal",
        "verified":true,
        "activity":50,
        "representative":{
           "name":"Onyama Limba",
           "image":"onyamalimba.png"
        },
        "balance":38674
     },
     {
        "id":1095,
        "name":"Carma Vanheusen",
        "country":{
           "name":"Turkey",
           "code":"tr"
        },
        "company":"Springfield Div Oh Edison Co",
        "date":"2019-11-26",
        "status":"renewal",
        "verified":false,
        "activity":84,
        "representative":{
           "name":"Stephen Shaw",
           "image":"stephenshaw.png"
        },
        "balance":67762
     },
     {
        "id":1096,
        "name":"Malinda Hochard",
        "country":{
           "name":"Serbia",
           "code":"rs"
        },
        "company":"Logan Memorial Hospital",
        "date":"2016-07-06",
        "status":"new",
        "verified":false,
        "activity":88,
        "representative":{
           "name":"Asiya Javayant",
           "image":"asiyajavayant.png"
        },
        "balance":81299
     },
     {
        "id":1097,
        "name":"Natalie Fern",
        "country":{
           "name":"Canada",
           "code":"ca"
        },
        "company":"Kelly, Charles G Esq",
        "date":"2019-10-02",
        "status":"proposal",
        "verified":true,
        "activity":44,
        "representative":{
           "name":"Amy Elsner",
           "image":"amyelsner.png"
        },
        "balance":64794
     },
     {
        "id":1098,
        "name":"Lisha Centini",
        "country":{
           "name":"Netherlands",
           "code":"nl"
        },
        "company":"Industrial Paper Shredders Inc",
        "date":"2018-07-05",
        "status":"new",
        "verified":true,
        "activity":7,
        "representative":{
           "name":"Ioni Bowcher",
           "image":"ionibowcher.png"
        },
        "balance":7815
     },
     {
        "id":1099,
        "name":"Arlene Klusman",
        "country":{
           "name":"Jamaica",
           "code":"jm"
        },
        "company":"Beck Horizon Builders",
        "date":"2018-05-14",
        "status":"proposal",
        "verified":true,
        "activity":99,
        "representative":{
           "name":"Elwin Sharvill",
           "image":"elwinsharvill.png"
        },
        "balance":37976
     },
     {
        "id":1100,
        "name":"Alease Buemi",
        "country":{
           "name":"Costa Rica",
           "code":"cr"
        },
        "company":"Porto Cayo At Hawks Cay",
        "date":"2018-03-14",
        "status":"unqualified",
        "verified":true,
        "activity":0,
        "representative":{
           "name":"Onyama Limba",
           "image":"onyamalimba.png"
        },
        "balance":59594
     },
     {
        "id":1101,
        "name":"Louisa Cronauer",
        "country":{
           "name":"Costa Rica",
           "code":"cr"
        },
        "company":"Pacific Grove Museum Ntrl Hist",
        "date":"2018-09-23",
        "status":"qualified",
        "verified":false,
        "activity":3,
        "representative":{
           "name":"Anna Fali",
           "image":"annafali.png"
        },
        "balance":92528
     },
     {
        "id":1102,
        "name":"Angella Cetta",
        "country":{
           "name":"Vietnam",
           "code":"vn"
        },
        "company":"Bender & Hatley Pc",
        "date":"2018-04-10",
        "status":"qualified",
        "verified":false,
        "activity":88,
        "representative":{
           "name":"Ivan Magalhaes",
           "image":"ivanmagalhaes.png"
        },
        "balance":58964
     },
     {
        "id":1103,
        "name":"Cyndy Goldammer",
        "country":{
           "name":"Burkina Faso",
           "code":"bf"
        },
        "company":"Di Cristina J & Son",
        "date":"2017-09-18",
        "status":"unqualified",
        "verified":false,
        "activity":92,
        "representative":{
           "name":"Stephen Shaw",
           "image":"stephenshaw.png"
        },
        "balance":65860
     },
     {
        "id":1104,
        "name":"Rosio Cork",
        "country":{
           "name":"Singapore",
           "code":"sg"
        },
        "company":"Green Goddess",
        "date":"2017-08-19",
        "status":"negotiation",
        "verified":true,
        "activity":19,
        "representative":{
           "name":"Asiya Javayant",
           "image":"asiyajavayant.png"
        },
        "balance":63863
     },
     {
        "id":1105,
        "name":"Celeste Korando",
        "country":{
           "name":"Costa Rica",
           "code":"cr"
        },
        "company":"American Arts & Graphics",
        "date":"2020-06-18",
        "status":"proposal",
        "verified":true,
        "activity":21,
        "representative":{
           "name":"Amy Elsner",
           "image":"amyelsner.png"
        },
        "balance":37510
     },
     {
        "id":1106,
        "name":"Twana Felger",
        "country":{
           "name":"Croatia",
           "code":"hr"
        },
        "company":"Opryland Hotel",
        "date":"2016-11-18",
        "status":"negotiation",
        "verified":false,
        "activity":97,
        "representative":{
           "name":"Ioni Bowcher",
           "image":"ionibowcher.png"
        },
        "balance":63876
     },
     {
        "id":1107,
        "name":"Estrella Samu",
        "country":{
           "name":"Vietnam",
           "code":"vn"
        },
        "company":"Marking Devices Pubg Co",
        "date":"2017-06-25",
        "status":"unqualified",
        "verified":false,
        "activity":27,
        "representative":{
           "name":"Bernardo Dominic",
           "image":"bernardodominic.png"
        },
        "balance":93263
     },
     {
        "id":1108,
        "name":"Donte Kines",
        "country":{
           "name":"Slovakia",
           "code":"sk"
        },
        "company":"W Tc Industries Inc",
        "date":"2019-02-16",
        "status":"new",
        "verified":true,
        "activity":35,
        "representative":{
           "name":"Onyama Limba",
           "image":"onyamalimba.png"
        },
        "balance":57198
     },
     {
        "id":1109,
        "name":"Tiffiny Steffensmeier",
        "country":{
           "name":"Pakistan",
           "code":"pk"
        },
        "company":"Whitehall Robbins Labs Divsn",
        "date":"2018-03-11",
        "status":"new",
        "verified":true,
        "activity":81,
        "representative":{
           "name":"Ivan Magalhaes",
           "image":"ivanmagalhaes.png"
        },
        "balance":89147
     },
     {
        "id":1110,
        "name":"Edna Miceli",
        "country":{
           "name":"France",
           "code":"fr"
        },
        "company":"Sampler",
        "date":"2017-10-15",
        "status":"renewal",
        "verified":true,
        "activity":54,
        "representative":{
           "name":"Asiya Javayant",
           "image":"asiyajavayant.png"
        },
        "balance":41466
     },
     {
        "id":1111,
        "name":"Sue Kownacki",
        "country":{
           "name":"Jamaica",
           "code":"jm"
        },
        "company":"Juno Chefs Incorporated",
        "date":"2017-03-17",
        "status":"proposal",
        "verified":false,
        "activity":31,
        "representative":{
           "name":"Onyama Limba",
           "image":"onyamalimba.png"
        },
        "balance":38918
     },
     {
        "id":1112,
        "name":"Jesusa Shin",
        "country":{
           "name":"Ukraine",
           "code":"ua"
        },
        "company":"Carroccio, A Thomas Esq",
        "date":"2017-04-06",
        "status":"renewal",
        "verified":false,
        "activity":28,
        "representative":{
           "name":"Bernardo Dominic",
           "image":"bernardodominic.png"
        },
        "balance":11397
     },
     {
        "id":1113,
        "name":"Rolland Francescon",
        "country":{
           "name":"United Kingdom",
           "code":"gb"
        },
        "company":"Stanley, Richard L Esq",
        "date":"2019-02-03",
        "status":"qualified",
        "verified":false,
        "activity":45,
        "representative":{
           "name":"Onyama Limba",
           "image":"onyamalimba.png"
        },
        "balance":40930
     },
     {
        "id":1114,
        "name":"Pamella Schmierer",
        "country":{
           "name":"Belgium",
           "code":"be"
        },
        "company":"K Cs Cstm Mouldings Windows",
        "date":"2016-09-22",
        "status":"unqualified",
        "verified":true,
        "activity":34,
        "representative":{
           "name":"Ioni Bowcher",
           "image":"ionibowcher.png"
        },
        "balance":40847
     },
     {
        "id":1115,
        "name":"Glory Kulzer",
        "country":{
           "name":"Croatia",
           "code":"hr"
        },
        "company":"Comfort Inn",
        "date":"2017-09-27",
        "status":"unqualified",
        "verified":true,
        "activity":36,
        "representative":{
           "name":"Onyama Limba",
           "image":"onyamalimba.png"
        },
        "balance":27832
     },
     {
        "id":1116,
        "name":"Shawna Palaspas",
        "country":{
           "name":"Estonia",
           "code":"ee"
        },
        "company":"Windsor, James L Esq",
        "date":"2017-06-25",
        "status":"unqualified",
        "verified":true,
        "activity":69,
        "representative":{
           "name":"Bernardo Dominic",
           "image":"bernardodominic.png"
        },
        "balance":89060
     },
     {
        "id":1117,
        "name":"Brandon Callaro",
        "country":{
           "name":"Romania",
           "code":"ro"
        },
        "company":"Jackson Shields Yeiser",
        "date":"2016-07-13",
        "status":"proposal",
        "verified":true,
        "activity":55,
        "representative":{
           "name":"Anna Fali",
           "image":"annafali.png"
        },
        "balance":52474
     },
     {
        "id":1118,
        "name":"Scarlet Cartan",
        "country":{
           "name":"Panama",
           "code":"pa"
        },
        "company":"Box, J Calvin Esq",
        "date":"2018-09-13",
        "status":"renewal",
        "verified":false,
        "activity":1,
        "representative":{
           "name":"Xuxue Feng",
           "image":"xuxuefeng.png"
        },
        "balance":19094
     },
     {
        "id":1119,
        "name":"Oretha Menter",
        "country":{
           "name":"Panama",
           "code":"pa"
        },
        "company":"Custom Engineering Inc",
        "date":"2017-09-11",
        "status":"renewal",
        "verified":false,
        "activity":8,
        "representative":{
           "name":"Elwin Sharvill",
           "image":"elwinsharvill.png"
        },
        "balance":93756
     },
     {
        "id":1120,
        "name":"Ty Smith",
        "country":{
           "name":"United States",
           "code":"us"
        },
        "company":"Bresler Eitel Framg Gllry Ltd",
        "date":"2019-07-06",
        "status":"unqualified",
        "verified":false,
        "activity":50,
        "representative":{
           "name":"Anna Fali",
           "image":"annafali.png"
        },
        "balance":77388
     },
     {
        "id":1121,
        "name":"Xuan Rochin",
        "country":{
           "name":"Colombia",
           "code":"co"
        },
        "company":"Carol, Drake Sparks Esq",
        "date":"2018-05-22",
        "status":"proposal",
        "verified":true,
        "activity":77,
        "representative":{
           "name":"Amy Elsner",
           "image":"amyelsner.png"
        },
        "balance":48759
     },
     {
        "id":1122,
        "name":"Lindsey Dilello",
        "country":{
           "name":"Austria",
           "code":"at"
        },
        "company":"Biltmore Investors Bank",
        "date":"2017-07-18",
        "status":"renewal",
        "verified":true,
        "activity":65,
        "representative":{
           "name":"Amy Elsner",
           "image":"amyelsner.png"
        },
        "balance":37568
     },
     {
        "id":1123,
        "name":"Devora Perez",
        "country":{
           "name":"Uruguay",
           "code":"uy"
        },
        "company":"Desco Equipment Corp",
        "date":"2017-10-09",
        "status":"unqualified",
        "verified":true,
        "activity":30,
        "representative":{
           "name":"Onyama Limba",
           "image":"onyamalimba.png"
        },
        "balance":4477
     },
     {
        "id":1124,
        "name":"Herman Demesa",
        "country":{
           "name":"Paraguay",
           "code":"py"
        },
        "company":"Merlin Electric Co",
        "date":"2019-05-23",
        "status":"proposal",
        "verified":true,
        "activity":10,
        "representative":{
           "name":"Asiya Javayant",
           "image":"asiyajavayant.png"
        },
        "balance":13764
     },
     {
        "id":1125,
        "name":"Rory Papasergi",
        "country":{
           "name":"Egypt",
           "code":"eg"
        },
        "company":"Bailey Cntl Co Div Babcock",
        "date":"2019-03-02",
        "status":"qualified",
        "verified":false,
        "activity":22,
        "representative":{
           "name":"Anna Fali",
           "image":"annafali.png"
        },
        "balance":68222
     },
     {
        "id":1126,
        "name":"Talia Riopelle",
        "country":{
           "name":"Guatemala",
           "code":"gt"
        },
        "company":"Ford Brothers Wholesale Inc",
        "date":"2017-02-18",
        "status":"new",
        "verified":false,
        "activity":69,
        "representative":{
           "name":"Elwin Sharvill",
           "image":"elwinsharvill.png"
        },
        "balance":29164
     },
     {
        "id":1127,
        "name":"Van Shire",
        "country":{
           "name":"Netherlands",
           "code":"nl"
        },
        "company":"Cambridge Inn",
        "date":"2020-05-12",
        "status":"new",
        "verified":false,
        "activity":4,
        "representative":{
           "name":"Ioni Bowcher",
           "image":"ionibowcher.png"
        },
        "balance":61651
     },
     {
        "id":1128,
        "name":"Lucina Lary",
        "country":{
           "name":"Switzerland",
           "code":"ch"
        },
        "company":"Matricciani, Albert J Jr",
        "date":"2019-11-20",
        "status":"negotiation",
        "verified":true,
        "activity":11,
        "representative":{
           "name":"Xuxue Feng",
           "image":"xuxuefeng.png"
        },
        "balance":79938
     },
     {
        "id":1129,
        "name":"Bok Isaacs",
        "country":{
           "name":"Chile",
           "code":"cl"
        },
        "company":"Nelson Hawaiian Ltd",
        "date":"2016-11-10",
        "status":"proposal",
        "verified":true,
        "activity":41,
        "representative":{
           "name":"Asiya Javayant",
           "image":"asiyajavayant.png"
        },
        "balance":44037
     },
     {
        "id":1130,
        "name":"Rolande Spickerman",
        "country":{
           "name":"Panama",
           "code":"pa"
        },
        "company":"Neland Travel Agency",
        "date":"2016-07-11",
        "status":"renewal",
        "verified":true,
        "activity":84,
        "representative":{
           "name":"Bernardo Dominic",
           "image":"bernardodominic.png"
        },
        "balance":89918
     },
     {
        "id":1131,
        "name":"Howard Paulas",
        "country":{
           "name":"Indonesia",
           "code":"id"
        },
        "company":"Asendorf, J Alan Esq",
        "date":"2017-07-17",
        "status":"negotiation",
        "verified":false,
        "activity":22,
        "representative":{
           "name":"Ioni Bowcher",
           "image":"ionibowcher.png"
        },
        "balance":32372
     },
     {
        "id":1132,
        "name":"Kimbery Madarang",
        "country":{
           "name":"Senegal",
           "code":"sn"
        },
        "company":"Silberman, Arthur L Esq",
        "date":"2018-08-19",
        "status":"negotiation",
        "verified":true,
        "activity":63,
        "representative":{
           "name":"Onyama Limba",
           "image":"onyamalimba.png"
        },
        "balance":46478
     },
     {
        "id":1133,
        "name":"Thurman Manno",
        "country":{
           "name":"Colombia",
           "code":"co"
        },
        "company":"Honey Bee Breeding Genetics &",
        "date":"2016-05-02",
        "status":"qualified",
        "verified":true,
        "activity":47,
        "representative":{
           "name":"Ivan Magalhaes",
           "image":"ivanmagalhaes.png"
        },
        "balance":30674
     },
     {
        "id":1134,
        "name":"Becky Mirafuentes",
        "country":{
           "name":"Serbia",
           "code":"rs"
        },
        "company":"Wells Kravitz Schnitzer",
        "date":"2018-04-13",
        "status":"unqualified",
        "verified":true,
        "activity":62,
        "representative":{
           "name":"Elwin Sharvill",
           "image":"elwinsharvill.png"
        },
        "balance":47714
     },
     {
        "id":1135,
        "name":"Beatriz Corrington",
        "country":{
           "name":"South Africa",
           "code":"za"
        },
        "company":"Prohab Rehabilitation Servs",
        "date":"2020-01-04",
        "status":"renewal",
        "verified":true,
        "activity":55,
        "representative":{
           "name":"Stephen Shaw",
           "image":"stephenshaw.png"
        },
        "balance":14307
     },
     {
        "id":1136,
        "name":"Marti Maybury",
        "country":{
           "name":"Thailand",
           "code":"th"
        },
        "company":"Eldridge, Kristin K Esq",
        "date":"2016-02-05",
        "status":"unqualified",
        "verified":false,
        "activity":3,
        "representative":{
           "name":"Bernardo Dominic",
           "image":"bernardodominic.png"
        },
        "balance":82069
     },
     {
        "id":1137,
        "name":"Nieves Gotter",
        "country":{
           "name":"Latvia",
           "code":"lv"
        },
        "company":"Vlahos, John J Esq",
        "date":"2017-03-12",
        "status":"proposal",
        "verified":false,
        "activity":3,
        "representative":{
           "name":"Elwin Sharvill",
           "image":"elwinsharvill.png"
        },
        "balance":11182
     },
     {
        "id":1138,
        "name":"Leatha Hagele",
        "country":{
           "name":"Ukraine",
           "code":"ua"
        },
        "company":"Ninas Indian Grs & Videos",
        "date":"2019-03-27",
        "status":"unqualified",
        "verified":false,
        "activity":67,
        "representative":{
           "name":"Stephen Shaw",
           "image":"stephenshaw.png"
        },
        "balance":17126
     },
     {
        "id":1139,
        "name":"Valentin Klimek",
        "country":{
           "name":"Ivory Coast",
           "code":"ci"
        },
        "company":"Schmid, Gayanne K Esq",
        "date":"2019-08-06",
        "status":"unqualified",
        "verified":true,
        "activity":14,
        "representative":{
           "name":"Ivan Magalhaes",
           "image":"ivanmagalhaes.png"
        },
        "balance":19724
     },
     {
        "id":1140,
        "name":"Melissa Wiklund",
        "country":{
           "name":"Japan",
           "code":"jp"
        },
        "company":"Moapa Valley Federal Credit Un",
        "date":"2018-03-20",
        "status":"qualified",
        "verified":true,
        "activity":8,
        "representative":{
           "name":"Onyama Limba",
           "image":"onyamalimba.png"
        },
        "balance":91888
     },
     {
        "id":1141,
        "name":"Sheridan Zane",
        "country":{
           "name":"Croatia",
           "code":"hr"
        },
        "company":"Kentucky Tennessee Clay Co",
        "date":"2016-02-15",
        "status":"qualified",
        "verified":true,
        "activity":17,
        "representative":{
           "name":"Bernardo Dominic",
           "image":"bernardodominic.png"
        },
        "balance":15016
     },
     {
        "id":1142,
        "name":"Bulah Padilla",
        "country":{
           "name":"Philippines",
           "code":"ph"
        },
        "company":"Admiral Party Rentals & Sales",
        "date":"2016-02-10",
        "status":"proposal",
        "verified":false,
        "activity":58,
        "representative":{
           "name":"Ioni Bowcher",
           "image":"ionibowcher.png"
        },
        "balance":23118
     },
     {
        "id":1143,
        "name":"Audra Kohnert",
        "country":{
           "name":"Netherlands",
           "code":"nl"
        },
        "company":"Nelson, Karolyn King Esq",
        "date":"2019-07-16",
        "status":"unqualified",
        "verified":false,
        "activity":82,
        "representative":{
           "name":"Bernardo Dominic",
           "image":"bernardodominic.png"
        },
        "balance":90560
     },
     {
        "id":1144,
        "name":"Daren Weirather",
        "country":{
           "name":"Israel",
           "code":"il"
        },
        "company":"Panasystems",
        "date":"2015-07-23",
        "status":"negotiation",
        "verified":false,
        "activity":96,
        "representative":{
           "name":"Onyama Limba",
           "image":"onyamalimba.png"
        },
        "balance":34155
     },
     {
        "id":1145,
        "name":"Fernanda Jillson",
        "country":{
           "name":"Mexico",
           "code":"mx"
        },
        "company":"Shank, Edward L Esq",
        "date":"2017-07-02",
        "status":"unqualified",
        "verified":true,
        "activity":92,
        "representative":{
           "name":"Xuxue Feng",
           "image":"xuxuefeng.png"
        },
        "balance":6350
     },
     {
        "id":1146,
        "name":"Gearldine Gellinger",
        "country":{
           "name":"Egypt",
           "code":"eg"
        },
        "company":"Megibow & Edwards",
        "date":"2019-08-17",
        "status":"proposal",
        "verified":true,
        "activity":18,
        "representative":{
           "name":"Anna Fali",
           "image":"annafali.png"
        },
        "balance":77641
     },
     {
        "id":1147,
        "name":"Chau Kitzman",
        "country":{
           "name":"Paraguay",
           "code":"py"
        },
        "company":"Benoff, Edward Esq",
        "date":"2019-07-04",
        "status":"new",
        "verified":true,
        "activity":9,
        "representative":{
           "name":"Onyama Limba",
           "image":"onyamalimba.png"
        },
        "balance":43289
     },
     {
        "id":1148,
        "name":"Theola Frey",
        "country":{
           "name":"Vietnam",
           "code":"vn"
        },
        "company":"Woodbridge Free Public Library",
        "date":"2020-03-14",
        "status":"unqualified",
        "verified":true,
        "activity":44,
        "representative":{
           "name":"Ioni Bowcher",
           "image":"ionibowcher.png"
        },
        "balance":85657
     },
     {
        "id":1149,
        "name":"Cheryl Haroldson",
        "country":{
           "name":"France",
           "code":"fr"
        },
        "company":"New York Life John Thune",
        "date":"2018-04-03",
        "status":"new",
        "verified":false,
        "activity":55,
        "representative":{
           "name":"Elwin Sharvill",
           "image":"elwinsharvill.png"
        },
        "balance":82733
     },
     {
        "id":1150,
        "name":"Laticia Merced",
        "country":{
           "name":"Burkina Faso",
           "code":"bf"
        },
        "company":"Alinabal Inc",
        "date":"2017-03-04",
        "status":"unqualified",
        "verified":false,
        "activity":21,
        "representative":{
           "name":"Ivan Magalhaes",
           "image":"ivanmagalhaes.png"
        },
        "balance":38004
     },
     {
        "id":1151,
        "name":"Carissa Batman",
        "country":{
           "name":"Greece",
           "code":"gr"
        },
        "company":"Poletto, Kim David Esq",
        "date":"2016-05-05",
        "status":"negotiation",
        "verified":true,
        "activity":91,
        "representative":{
           "name":"Ivan Magalhaes",
           "image":"ivanmagalhaes.png"
        },
        "balance":29038
     },
     {
        "id":1152,
        "name":"Lezlie Craghead",
        "country":{
           "name":"Panama",
           "code":"pa"
        },
        "company":"Chang, Carolyn Esq",
        "date":"2019-05-28",
        "status":"renewal",
        "verified":false,
        "activity":30,
        "representative":{
           "name":"Xuxue Feng",
           "image":"xuxuefeng.png"
        },
        "balance":75123
     },
     {
        "id":1153,
        "name":"Ozell Shealy",
        "country":{
           "name":"Pakistan",
           "code":"pk"
        },
        "company":"Silver Bros Inc",
        "date":"2016-08-19",
        "status":"proposal",
        "verified":true,
        "activity":14,
        "representative":{
           "name":"Bernardo Dominic",
           "image":"bernardodominic.png"
        },
        "balance":33214
     },
     {
        "id":1154,
        "name":"Arminda Parvis",
        "country":{
           "name":"Indonesia",
           "code":"id"
        },
        "company":"Newtec Inc",
        "date":"2020-02-09",
        "status":"proposal",
        "verified":true,
        "activity":77,
        "representative":{
           "name":"Elwin Sharvill",
           "image":"elwinsharvill.png"
        },
        "balance":80651
     },
     {
        "id":1155,
        "name":"Reita Leto",
        "country":{
           "name":"Belgium",
           "code":"be"
        },
        "company":"Creative Business Systems",
        "date":"2020-04-03",
        "status":"unqualified",
        "verified":true,
        "activity":58,
        "representative":{
           "name":"Ioni Bowcher",
           "image":"ionibowcher.png"
        },
        "balance":5085
     },
     {
        "id":1156,
        "name":"Yolando Luczki",
        "country":{
           "name":"France",
           "code":"fr"
        },
        "company":"Dal Tile Corporation",
        "date":"2015-01-27",
        "status":"renewal",
        "verified":true,
        "activity":78,
        "representative":{
           "name":"Ioni Bowcher",
           "image":"ionibowcher.png"
        },
        "balance":93021
     },
     {
        "id":1157,
        "name":"Lizette Stem",
        "country":{
           "name":"Slovakia",
           "code":"sk"
        },
        "company":"Edward S Katz",
        "date":"2018-08-06",
        "status":"new",
        "verified":false,
        "activity":67,
        "representative":{
           "name":"Stephen Shaw",
           "image":"stephenshaw.png"
        },
        "balance":37287
     },
     {
        "id":1158,
        "name":"Gregoria Pawlowicz",
        "country":{
           "name":"Egypt",
           "code":"eg"
        },
        "company":"Oh My Goodknits Inc",
        "date":"2020-02-20",
        "status":"renewal",
        "verified":false,
        "activity":29,
        "representative":{
           "name":"Stephen Shaw",
           "image":"stephenshaw.png"
        },
        "balance":73070
     },
     {
        "id":1159,
        "name":"Carin Deleo",
        "country":{
           "name":"China",
           "code":"cn"
        },
        "company":"Redeker, Debbie",
        "date":"2015-05-28",
        "status":"qualified",
        "verified":true,
        "activity":13,
        "representative":{
           "name":"Asiya Javayant",
           "image":"asiyajavayant.png"
        },
        "balance":64422
     },
     {
        "id":1160,
        "name":"Chantell Maynerich",
        "country":{
           "name":"Estonia",
           "code":"ee"
        },
        "company":"Desert Sands Motel",
        "date":"2016-09-05",
        "status":"unqualified",
        "verified":true,
        "activity":75,
        "representative":{
           "name":"Ivan Magalhaes",
           "image":"ivanmagalhaes.png"
        },
        "balance":36826
     },
     {
        "id":1161,
        "name":"Dierdre Yum",
        "country":{
           "name":"Czech Republic",
           "code":"cz"
        },
        "company":"Cummins Southern Plains Inc",
        "date":"2016-12-20",
        "status":"negotiation",
        "verified":true,
        "activity":1,
        "representative":{
           "name":"Onyama Limba",
           "image":"onyamalimba.png"
        },
        "balance":93101
     },
     {
        "id":1162,
        "name":"Larae Gudroe",
        "country":{
           "name":"Slovenia",
           "code":"si"
        },
        "company":"Lehigh Furn Divsn Lehigh",
        "date":"2015-11-28",
        "status":"unqualified",
        "verified":false,
        "activity":13,
        "representative":{
           "name":"Ioni Bowcher",
           "image":"ionibowcher.png"
        },
        "balance":60177
     },
     {
        "id":1163,
        "name":"Latrice Tolfree",
        "country":{
           "name":"Jamaica",
           "code":"jm"
        },
        "company":"United Van Lines Agent",
        "date":"2018-11-11",
        "status":"renewal",
        "verified":false,
        "activity":73,
        "representative":{
           "name":"Ioni Bowcher",
           "image":"ionibowcher.png"
        },
        "balance":47198
     },
     {
        "id":1164,
        "name":"Kerry Theodorov",
        "country":{
           "name":"Romania",
           "code":"ro"
        },
        "company":"Capitol Reporters",
        "date":"2016-11-05",
        "status":"unqualified",
        "verified":true,
        "activity":76,
        "representative":{
           "name":"Amy Elsner",
           "image":"amyelsner.png"
        },
        "balance":71305
     },
     {
        "id":1165,
        "name":"Dorthy Hidvegi",
        "country":{
           "name":"Poland",
           "code":"pl"
        },
        "company":"Kwik Kopy Printing",
        "date":"2020-08-13",
        "status":"qualified",
        "verified":true,
        "activity":60,
        "representative":{
           "name":"Ivan Magalhaes",
           "image":"ivanmagalhaes.png"
        },
        "balance":17526
     },
     {
        "id":1166,
        "name":"Fannie Lungren",
        "country":{
           "name":"Belarus",
           "code":"by"
        },
        "company":"Centro Inc",
        "date":"2015-07-06",
        "status":"negotiation",
        "verified":true,
        "activity":24,
        "representative":{
           "name":"Stephen Shaw",
           "image":"stephenshaw.png"
        },
        "balance":16596
     },
     {
        "id":1167,
        "name":"Evangelina Radde",
        "country":{
           "name":"Ivory Coast",
           "code":"ci"
        },
        "company":"Campbell, Jan Esq",
        "date":"2020-02-25",
        "status":"unqualified",
        "verified":true,
        "activity":93,
        "representative":{
           "name":"Anna Fali",
           "image":"annafali.png"
        },
        "balance":56870
     },
     {
        "id":1168,
        "name":"Novella Degroot",
        "country":{
           "name":"Slovenia",
           "code":"si"
        },
        "company":"Evans, C Kelly Esq",
        "date":"2017-12-19",
        "status":"unqualified",
        "verified":false,
        "activity":30,
        "representative":{
           "name":"Amy Elsner",
           "image":"amyelsner.png"
        },
        "balance":82928
     },
     {
        "id":1169,
        "name":"Clay Hoa",
        "country":{
           "name":"Paraguay",
           "code":"py"
        },
        "company":"Scat Enterprises",
        "date":"2016-02-22",
        "status":"negotiation",
        "verified":false,
        "activity":93,
        "representative":{
           "name":"Amy Elsner",
           "image":"amyelsner.png"
        },
        "balance":64181
     },
     {
        "id":1170,
        "name":"Jennifer Fallick",
        "country":{
           "name":"Australia",
           "code":"au"
        },
        "company":"Nagle, Daniel J Esq",
        "date":"2016-12-24",
        "status":"unqualified",
        "verified":true,
        "activity":88,
        "representative":{
           "name":"Bernardo Dominic",
           "image":"bernardodominic.png"
        },
        "balance":30561
     },
     {
        "id":1171,
        "name":"Irma Wolfgramm",
        "country":{
           "name":"Belgium",
           "code":"be"
        },
        "company":"Serendiquity Bed & Breakfast",
        "date":"2020-10-18",
        "status":"negotiation",
        "verified":true,
        "activity":70,
        "representative":{
           "name":"Stephen Shaw",
           "image":"stephenshaw.png"
        },
        "balance":24617
     },
     {
        "id":1172,
        "name":"Eun Coody",
        "country":{
           "name":"Taiwan",
           "code":"tw"
        },
        "company":"Ray Carolyne Realty",
        "date":"2018-02-12",
        "status":"qualified",
        "verified":true,
        "activity":61,
        "representative":{
           "name":"Ioni Bowcher",
           "image":"ionibowcher.png"
        },
        "balance":77860
     },
     {
        "id":1173,
        "name":"Sylvia Cousey",
        "country":{
           "name":"Ireland",
           "code":"ie"
        },
        "company":"Berg, Charles E",
        "date":"2018-06-10",
        "status":"unqualified",
        "verified":false,
        "activity":91,
        "representative":{
           "name":"Ioni Bowcher",
           "image":"ionibowcher.png"
        },
        "balance":25664
     },
     {
        "id":1174,
        "name":"Nana Wrinkles",
        "country":{
           "name":"Austria",
           "code":"at"
        },
        "company":"Ray, Milbern D",
        "date":"2017-04-11",
        "status":"renewal",
        "verified":true,
        "activity":98,
        "representative":{
           "name":"Asiya Javayant",
           "image":"asiyajavayant.png"
        },
        "balance":98113
     },
     {
        "id":1175,
        "name":"Layla Springe",
        "country":{
           "name":"South Africa",
           "code":"za"
        },
        "company":"Chadds Ford Winery",
        "date":"2019-07-27",
        "status":"unqualified",
        "verified":true,
        "activity":97,
        "representative":{
           "name":"Ioni Bowcher",
           "image":"ionibowcher.png"
        },
        "balance":14763
     },
     {
        "id":1176,
        "name":"Joesph Degonia",
        "country":{
           "name":"Serbia",
           "code":"rs"
        },
        "company":"A R Packaging",
        "date":"2020-04-23",
        "status":"renewal",
        "verified":true,
        "activity":56,
        "representative":{
           "name":"Elwin Sharvill",
           "image":"elwinsharvill.png"
        },
        "balance":31317
     },
     {
        "id":1177,
        "name":"Annabelle Boord",
        "country":{
           "name":"Guatemala",
           "code":"gt"
        },
        "company":"Corn Popper",
        "date":"2020-09-16",
        "status":"proposal",
        "verified":true,
        "activity":76,
        "representative":{
           "name":"Anna Fali",
           "image":"annafali.png"
        },
        "balance":30883
     },
     {
        "id":1178,
        "name":"Stephaine Vinning",
        "country":{
           "name":"Australia",
           "code":"au"
        },
        "company":"Birite Foodservice Distr",
        "date":"2016-05-14",
        "status":"negotiation",
        "verified":true,
        "activity":43,
        "representative":{
           "name":"Xuxue Feng",
           "image":"xuxuefeng.png"
        },
        "balance":93785
     },
     {
        "id":1179,
        "name":"Nelida Sawchuk",
        "country":{
           "name":"South Africa",
           "code":"za"
        },
        "company":"Anchorage Museum Of Hist & Art",
        "date":"2018-06-22",
        "status":"qualified",
        "verified":true,
        "activity":58,
        "representative":{
           "name":"Onyama Limba",
           "image":"onyamalimba.png"
        },
        "balance":68380
     },
     {
        "id":1180,
        "name":"Marguerita Hiatt",
        "country":{
           "name":"United Kingdom",
           "code":"gb"
        },
        "company":"Haber, George D Md",
        "date":"2018-10-25",
        "status":"qualified",
        "verified":false,
        "activity":72,
        "representative":{
           "name":"Anna Fali",
           "image":"annafali.png"
        },
        "balance":93454
     },
     {
        "id":1181,
        "name":"Carmela Cookey",
        "country":{
           "name":"France",
           "code":"fr"
        },
        "company":"Royal Pontiac Olds Inc",
        "date":"2018-07-19",
        "status":"proposal",
        "verified":false,
        "activity":24,
        "representative":{
           "name":"Xuxue Feng",
           "image":"xuxuefeng.png"
        },
        "balance":30570
     },
     {
        "id":1182,
        "name":"Junita Brideau",
        "country":{
           "name":"Indonesia",
           "code":"id"
        },
        "company":"Leonards Antiques Inc",
        "date":"2015-03-15",
        "status":"proposal",
        "verified":true,
        "activity":86,
        "representative":{
           "name":"Anna Fali",
           "image":"annafali.png"
        },
        "balance":79506
     },
     {
        "id":1183,
        "name":"Claribel Varriano",
        "country":{
           "name":"Ecuador",
           "code":"ec"
        },
        "company":"Meca",
        "date":"2017-04-14",
        "status":"unqualified",
        "verified":true,
        "activity":15,
        "representative":{
           "name":"Onyama Limba",
           "image":"onyamalimba.png"
        },
        "balance":8654
     },
     {
        "id":1184,
        "name":"Benton Skursky",
        "country":{
           "name":"Iceland",
           "code":"is"
        },
        "company":"Nercon Engineering & Mfg Inc",
        "date":"2015-02-19",
        "status":"proposal",
        "verified":true,
        "activity":9,
        "representative":{
           "name":"Asiya Javayant",
           "image":"asiyajavayant.png"
        },
        "balance":13368
     },
     {
        "id":1185,
        "name":"Hillary Skulski",
        "country":{
           "name":"France",
           "code":"fr"
        },
        "company":"Replica I",
        "date":"2016-03-25",
        "status":"unqualified",
        "verified":true,
        "activity":82,
        "representative":{
           "name":"Bernardo Dominic",
           "image":"bernardodominic.png"
        },
        "balance":92631
     },
     {
        "id":1186,
        "name":"Merilyn Bayless",
        "country":{
           "name":"Jamaica",
           "code":"jm"
        },
        "company":"20 20 Printing Inc",
        "date":"2020-10-13",
        "status":"unqualified",
        "verified":true,
        "activity":13,
        "representative":{
           "name":"Ivan Magalhaes",
           "image":"ivanmagalhaes.png"
        },
        "balance":4989
     },
     {
        "id":1187,
        "name":"Teri Ennaco",
        "country":{
           "name":"Pakistan",
           "code":"pk"
        },
        "company":"Publishers Group West",
        "date":"2019-12-21",
        "status":"unqualified",
        "verified":true,
        "activity":57,
        "representative":{
           "name":"Bernardo Dominic",
           "image":"bernardodominic.png"
        },
        "balance":77668
     },
     {
        "id":1188,
        "name":"Merlyn Lawler",
        "country":{
           "name":"Germany",
           "code":"de"
        },
        "company":"Nischwitz, Jeffrey L Esq",
        "date":"2016-02-26",
        "status":"renewal",
        "verified":true,
        "activity":45,
        "representative":{
           "name":"Ivan Magalhaes",
           "image":"ivanmagalhaes.png"
        },
        "balance":3525
     },
     {
        "id":1189,
        "name":"Georgene Montezuma",
        "country":{
           "name":"Senegal",
           "code":"sn"
        },
        "company":"Payne Blades & Wellborn Pa",
        "date":"2018-10-11",
        "status":"new",
        "verified":true,
        "activity":64,
        "representative":{
           "name":"Elwin Sharvill",
           "image":"elwinsharvill.png"
        },
        "balance":45838
     },
     {
        "id":1190,
        "name":"Jettie Mconnell",
        "country":{
           "name":"Denmark",
           "code":"dk"
        },
        "company":"Coldwell Bnkr Wright Real Est",
        "date":"2015-10-18",
        "status":"negotiation",
        "verified":false,
        "activity":74,
        "representative":{
           "name":"Ivan Magalhaes",
           "image":"ivanmagalhaes.png"
        },
        "balance":49148
     },
     {
        "id":1191,
        "name":"Lemuel Latzke",
        "country":{
           "name":"Colombia",
           "code":"co"
        },
        "company":"Computer Repair Service",
        "date":"2016-02-13",
        "status":"proposal",
        "verified":false,
        "activity":79,
        "representative":{
           "name":"Stephen Shaw",
           "image":"stephenshaw.png"
        },
        "balance":96709
     },
     {
        "id":1192,
        "name":"Melodie Knipp",
        "country":{
           "name":"Finland",
           "code":"fi"
        },
        "company":"Fleetwood Building Block Inc",
        "date":"2018-03-08",
        "status":"negotiation",
        "verified":false,
        "activity":19,
        "representative":{
           "name":"Asiya Javayant",
           "image":"asiyajavayant.png"
        },
        "balance":23253
     },
     {
        "id":1193,
        "name":"Candida Corbley",
        "country":{
           "name":"Poland",
           "code":"pl"
        },
        "company":"Colts Neck Medical Assocs Inc",
        "date":"2017-12-02",
        "status":"negotiation",
        "verified":true,
        "activity":11,
        "representative":{
           "name":"Onyama Limba",
           "image":"onyamalimba.png"
        },
        "balance":40836
     },
     {
        "id":1194,
        "name":"Karan Karpin",
        "country":{
           "name":"Estonia",
           "code":"ee"
        },
        "company":"New England Taxidermy",
        "date":"2019-01-07",
        "status":"proposal",
        "verified":true,
        "activity":4,
        "representative":{
           "name":"Stephen Shaw",
           "image":"stephenshaw.png"
        },
        "balance":60719
     },
     {
        "id":1195,
        "name":"Andra Scheyer",
        "country":{
           "name":"Romania",
           "code":"ro"
        },
        "company":"Ludcke, George O Esq",
        "date":"2016-08-14",
        "status":"qualified",
        "verified":true,
        "activity":62,
        "representative":{
           "name":"Elwin Sharvill",
           "image":"elwinsharvill.png"
        },
        "balance":17419
     },
     {
        "id":1196,
        "name":"Felicidad Poullion",
        "country":{
           "name":"Greece",
           "code":"gr"
        },
        "company":"Mccorkle, Tom S Esq",
        "date":"2016-03-05",
        "status":"renewal",
        "verified":true,
        "activity":64,
        "representative":{
           "name":"Elwin Sharvill",
           "image":"elwinsharvill.png"
        },
        "balance":94052
     },
     {
        "id":1197,
        "name":"Belen Strassner",
        "country":{
           "name":"Ivory Coast",
           "code":"ci"
        },
        "company":"Eagle Software Inc",
        "date":"2015-12-14",
        "status":"qualified",
        "verified":true,
        "activity":91,
        "representative":{
           "name":"Xuxue Feng",
           "image":"xuxuefeng.png"
        },
        "balance":54241
     },
     {
        "id":1198,
        "name":"Gracia Melnyk",
        "country":{
           "name":"Costa Rica",
           "code":"cr"
        },
        "company":"Juvenile & Adult Super",
        "date":"2019-06-01",
        "status":"unqualified",
        "verified":true,
        "activity":40,
        "representative":{
           "name":"Asiya Javayant",
           "image":"asiyajavayant.png"
        },
        "balance":87668
     },
     {
        "id":1199,
        "name":"Jolanda Hanafan",
        "country":{
           "name":"Cameroon",
           "code":"cm"
        },
        "company":"Perez, Joseph J Esq",
        "date":"2015-12-09",
        "status":"qualified",
        "verified":true,
        "activity":27,
        "representative":{
           "name":"Ivan Magalhaes",
           "image":"ivanmagalhaes.png"
        },
        "balance":99417
     }
  ]
}